,Unnamed: 0,Acceleration,Acceleration X,Acceleration Y,Acceleration Z,Area,Average Distance To 3 Nearest Neighbours,Average Distance To 5 Nearest Neighbours,Average Distance To 9 Nearest Neighbours,Diameter X,Diameter Y,Diameter Z,Displacement Delta Length,Displacement Delta X,Displacement Delta Y,Displacement Delta Z,Displacement Length,Displacement X,Displacement Y,Displacement Z,Displacement^2,Distance To Nearest Neighbour,Distance from Origin,Distance to Image Border XY,Distance to Image Border XYZ,Generation,Intensity Center Channel_1,Intensity Center Channel_2,Intensity Center Channel_3,Intensity Center Channel_4,Intensity Max Channel_1,Intensity Max Channel_2,Intensity Max Channel_3,Intensity Max Channel_4,Intensity Mean Channel_1,Intensity Mean Channel_2,Intensity Mean Channel_3,Intensity Mean Channel_4,Intensity Median Channel_1,Intensity Median Channel_2,Intensity Median Channel_3,Intensity Median Channel_4,Intensity Min Channel_1,Intensity Min Channel_2,Intensity Min Channel_3,Intensity Min Channel_4,Intensity StdDev Channel_1,Intensity StdDev Channel_2,Intensity StdDev Channel_3,Intensity StdDev Channel_4,Intensity Sum Channel_1,Intensity Sum Channel_2,Intensity Sum Channel_3,Intensity Sum Channel_4,Intensity Sum of Square Channel_1,Intensity Sum of Square Channel_2,Intensity Sum of Square Channel_3,Intensity Sum of Square Channel_4,Number of Voxels,Position X,Position Y,Position Z,Speed,Time,Time Index,Time Since Track Start,Velocity Angle X,Velocity Angle Y,Velocity Angle Z,Velocity X,Velocity Y,Velocity Z,Volume,Object_ID,Track_ID
0,1241,0.0,0.0,0.0,0.0,270.69146728515625,21.537261962890625,28.7022705078125,35.98637771606445,8.0,8.0,12.0,0.0,0.0,0.0,0.0,0.0,0.0,0.0,0.0,0.0,14.026580810546877,731.042236328125,355.672119140625,21.7008056640625,0.0,117.0,0.0,0.0,9.0,157.0,14.0,9.0,43.0,54.52381134033203,3.7142856121063232,1.5714285373687744,16.14285659790039,39.0,4.000499725341797,0.0040000001899898,14.014999389648438,0.0,0.0,0.0,0.0,37.00916290283203,4.037241458892822,2.4411439895629883,12.807311058044434,1145.0,78.0,33.0,339.0,91193.0,632.0,177.0,8917.0,21.0,359.672119140625,366.0025939941406,520.6734008789062,1.4175559282302856,0.0,1.0,0.0,123.1526870727539,131.90367126464844,120.33277130126952,-0.775146484375,-0.946685791015625,-0.7158203125,402.1238708496094,1241,1000001241
1,1818,0.0,0.0,0.0,0.0,270.69146728515625,19.328458786010746,22.50324058532715,26.762659072875977,8.0,8.0,12.0,0.0,0.0,0.0,0.0,0.0,0.0,0.0,0.0,0.0,13.096896171569824,791.3008422851562,338.4087829589844,23.075103759765625,0.0,255.0,4.0,0.0,14.0,255.0,33.0,4.0,14.0,142.22222900390625,15.05555534362793,0.6666666865348816,3.444444417953491,120.94400024414062,14.0,0.0010000000474974,0.0035000001080334,47.0,4.0,0.0,0.0,62.91048049926758,9.401371955871582,1.4907119274139404,4.740161895751953,2560.0,271.0,12.0,62.0,435328.0,5671.0,48.0,618.0,18.0,495.5909423828125,342.4087829589844,513.1304931640625,0.8712676763534546,0.0,1.0,0.0,24.82834243774414,97.51404571533205,66.48481750488281,0.790740966796875,-0.1138916015625,0.34765625,402.1238708496094,1818,1000001818
2,1927,0.0,0.0,0.0,0.0,270.69146728515625,35.68537521362305,39.41244125366211,45.01768493652344,8.0,8.0,12.0,0.0,0.0,0.0,0.0,0.0,0.0,0.0,0.0,0.0,26.219318389892575,891.6703491210938,55.79892349243164,20.51708984375,0.0,230.0,4.0,1.0,11.0,230.0,17.0,6.0,16.0,128.2857208251953,3.761904716491699,1.1428571939468384,6.428571224212647,109.9320068359375,2.992000102996826,0.0015000000130385,6.005000114440918,42.0,0.0,0.0,1.0,59.69856262207031,4.658885478973389,1.7261494398117063,4.158427238464356,2694.0,79.0,24.0,135.0,420444.0,753.0,90.0,1231.0,21.0,720.53125,59.79892349243164,521.8571166992188,0.530946671962738,0.0,1.0,0.0,131.37075805664062,62.68698120117188,53.570220947265625,-0.35089111328125,0.2436408996582031,0.3153076171875,402.1238708496094,1927,1000001927
3,1973,0.0,0.0,0.0,0.0,270.69146728515625,27.043846130371094,31.484582901000977,36.95790863037109,8.0,8.0,12.0,0.0,0.0,0.0,0.0,0.0,0.0,0.0,0.0,0.0,20.640981674194336,917.8299560546876,90.45497131347656,21.17352294921875,0.0,65.0,255.0,17.0,108.0,89.0,255.0,23.0,134.0,39.90909194946289,207.18182373046875,7.545454502105713,61.04545593261719,34.52199935913086,235.95599365234372,7.009999752044678,49.98400115966797,5.0,78.0,0.0,24.0,21.50667762756348,52.21340560913086,5.766102313995361,31.95519256591797,878.0,4558.0,166.0,1343.0,45216.0,1004312.0,1984.0,104449.0,22.0,749.5598754882812,94.45497131347656,521.20068359375,0.6882290244102478,0.0,1.0,0.0,32.915061950683594,62.253231048583984,106.27252197265624,0.5777587890625,0.3204345703125,-0.19281005859375,402.1238708496094,1973,1000001973
4,2021,0.0,0.0,0.0,0.0,270.69146728515625,28.85430335998535,34.1861457824707,38.08805465698242,8.0,8.0,12.0,0.0,0.0,0.0,0.0,0.0,0.0,0.0,0.0,0.0,20.104263305664062,876.8998413085938,125.78581237792967,21.3948974609375,0.0,149.0,4.0,0.0,9.0,149.0,24.0,24.0,43.0,44.59090805053711,8.5,5.681818008422852,16.636363983154297,35.0,8.994999885559082,3.992000102996826,14.01999855041504,0.0,0.0,0.0,0.0,35.58940124511719,6.887076377868652,7.156601428985596,11.818881034851074,981.0,187.0,125.0,366.0,71609.0,2633.0,1837.0,9162.0,22.0,693.3178100585938,129.7858123779297,520.9793090820312,0.7670973539352417,0.0,1.0,0.0,134.42019653320312,83.83617401123047,45.07867431640625,-0.536865234375,0.0823974609375,0.54168701171875,402.1238708496094,2021,1000002021
5,2022,0.0,0.0,0.0,0.0,270.69146728515625,13.1482572555542,16.297069549560547,21.77239418029785,8.0,8.0,12.0,0.0,0.0,0.0,0.0,0.0,0.0,0.0,0.0,0.0,11.443528175354004,924.0481567382812,125.79315185546876,20.93414306640625,0.0,145.0,8.0,3.0,6.0,145.0,9.0,7.0,22.0,53.45454406738281,4.2272725105285645,2.6818182468414307,8.863636016845703,44.0,3.996000289916992,2.500000238418579,7.992000579833984,28.0,0.0,0.0,1.0,26.326148986816406,2.859304189682007,2.4380760192871094,5.553831100463867,1176.0,93.0,59.0,195.0,78110.0,573.0,289.0,2407.0,22.0,751.7439575195312,129.79315185546875,521.4400634765625,11.104969024658203,0.0,1.0,0.0,90.7968978881836,54.525028228759766,35.48926544189453,-0.1539306640625,6.444992065429688,9.04205322265625,402.1238708496094,2022,1000002022
6,2032,0.0,0.0,0.0,0.0,270.69146728515625,14.9853515625,17.6707820892334,21.68640518188477,8.0,8.0,12.0,0.0,0.0,0.0,0.0,0.0,0.0,0.0,0.0,0.0,11.443528175354004,931.6494140625,133.2496337890625,21.8369140625,0.0,143.0,20.0,0.0,16.0,208.0,32.0,11.0,54.0,80.90908813476562,13.363636016845703,1.863636374473572,18.045454025268555,56.54999923706055,13.020000457763672,0.003000000026077,15.989999771118164,13.0,2.0,0.0,4.0,54.91804504394531,7.498760223388672,2.7185466289520264,11.01848602294922,1780.0,294.0,41.0,397.0,210370.0,5166.0,239.0,9835.0,22.0,760.3776245117188,137.2496337890625,520.5372924804688,4.001988887786865,0.0,1.0,0.0,152.19845581054688,116.8636474609375,83.33847045898438,-3.539886474609375,-1.8081588745117188,0.46441650390625,402.1238708496094,2032,1000002032
7,2037,0.0,0.0,0.0,0.0,270.69146728515625,15.7478609085083,17.99951934814453,22.3961238861084,8.0,8.0,12.0,0.0,0.0,0.0,0.0,0.0,0.0,0.0,0.0,0.0,13.815909385681152,918.3358154296876,136.46424865722656,21.22052001953125,0.0,95.0,5.0,2.0,2.0,95.0,14.0,4.0,12.0,56.42856979370117,4.666666507720947,1.2380952835083008,5.666666507720947,58.974002838134766,4.010000228881836,0.999000072479248,6.004000663757324,7.0,0.0,0.0,0.0,23.286151885986328,3.48238205909729,1.3418097496032717,3.167293071746826,1185.0,98.0,26.0,119.0,78255.0,712.0,70.0,885.0,21.0,742.9732666015625,140.46424865722656,521.1536865234375,1.3263089656829834,0.0,1.0,0.0,42.81341171264648,130.2825927734375,77.91055297851562,0.97296142578125,-0.8574676513671875,0.27783203125,402.1238708496094,2037,1000002037
8,2052,0.0,0.0,0.0,0.0,270.69146728515625,16.40498161315918,19.17633438110352,23.23996925354004,8.0,8.0,12.0,0.0,0.0,0.0,0.0,0.0,0.0,0.0,0.0,0.0,13.33491039276123,872.3538818359375,152.11898803710938,21.04107666015625,0.0,94.0,229.0,4.0,92.0,141.0,255.0,29.0,179.0,78.40908813476562,230.5909118652344,12.681818008422852,112.0,78.02499389648438,239.00799560546875,14.00999927520752,108.47200012207033,23.0,169.0,0.0,67.0,23.893054962158203,26.38467025756836,7.17563009262085,31.16524887084961,1725.0,5073.0,279.0,2464.0,147815.0,1185103.0,4671.0,297336.0,22.0,681.7916870117188,156.11898803710938,521.3331298828125,0.921829342842102,0.0,1.0,0.0,129.6867218017578,59.414669036865234,54.73660659790039,-0.588623046875,0.4690704345703125,0.5322265625,402.1238708496094,2052,1000002052
9,2058,0.0,0.0,0.0,0.0,270.69146728515625,15.824081420898438,19.13565444946289,23.907724380493164,8.0,8.0,12.0,0.0,0.0,0.0,0.0,0.0,0.0,0.0,0.0,0.0,10.91173267364502,857.5849609375,158.76058959960938,19.1444091796875,0.0,109.0,9.0,9.0,4.0,196.0,111.0,9.0,38.0,71.23809814453125,30.85714340209961,2.809523820877075,17.761905670166016,62.15998840332031,19.02300262451172,3.996000289916992,18.979999542236328,7.0,4.0,0.0,0.0,43.84268951416016,31.016563415527344,3.126218557357788,11.334333419799805,1496.0,648.0,59.0,373.0,146938.0,40198.0,371.0,9323.0,21.0,659.6905517578125,162.76058959960938,523.2297973632812,1.566765069961548,0.0,1.0,0.0,40.06803894042969,58.19815444946289,111.69284057617188,1.19903564453125,0.8256988525390625,-0.57904052734375,402.1238708496094,2058,1000002058
10,2062,0.0,0.0,0.0,0.0,270.69146728515625,14.04033660888672,16.52187156677246,21.304933547973636,8.0,8.0,12.0,0.0,0.0,0.0,0.0,0.0,0.0,0.0,0.0,0.0,11.005404472351074,916.35107421875,161.4627227783203,19.22509765625,0.0,141.0,192.0,2.0,75.0,162.0,227.0,14.0,101.0,110.33333587646484,177.90475463867188,4.523809432983398,66.42857360839844,112.98400115966795,179.95599365234375,2.008000373840332,66.03600311279297,63.0,120.0,0.0,38.0,23.731300354003903,30.929882049560547,3.540501117706299,18.72246360778809,2317.0,3736.0,95.0,1395.0,267469.0,684742.0,693.0,100029.0,21.0,733.9185180664062,165.4627227783203,523.1491088867188,3.358895778656006,0.0,1.0,0.0,157.5316619873047,97.01887512207033,68.7662582397461,-3.10382080078125,-0.4102783203125,1.21661376953125,402.1238708496094,2062,1000002062
11,2067,0.0,0.0,0.0,0.0,270.69146728515625,15.014050483703612,16.513381958007812,21.01045036315918,8.0,8.0,12.0,0.0,0.0,0.0,0.0,0.0,0.0,0.0,0.0,0.0,11.962270736694336,881.8818359375,167.67771911621094,19.865966796875,0.0,253.0,126.0,0.0,53.0,255.0,242.0,19.0,106.0,183.85714721679688,160.3333282470703,4.333333492279053,68.33333587646484,172.07200622558594,164.0,3.992000102996826,71.96600341796875,86.0,77.0,0.0,29.0,49.31945037841797,44.65458297729492,4.549551010131836,20.78079032897949,3861.0,3367.0,91.0,1435.0,760953.0,581717.0,829.0,107127.0,21.0,689.367431640625,171.67771911621094,522.5082397460938,0.4406187236309051,0.0,1.0,0.0,62.06618118286133,114.62806701660156,38.82794189453125,0.2064208984375,-0.18359375,0.34326171875,402.1238708496094,2067,1000002067
12,2068,0.0,0.0,0.0,0.0,270.69146728515625,17.145875930786133,20.46919250488281,23.589693069458008,8.0,8.0,12.0,0.0,0.0,0.0,0.0,0.0,0.0,0.0,0.0,0.0,11.962270736694336,891.51953125,168.3248291015625,19.615966796875,0.0,156.0,232.0,4.0,48.0,197.0,235.0,18.0,81.0,135.0,167.89999389648438,7.449999809265137,45.70000076293945,143.45899963378906,183.0240020751953,5.998499870300293,47.504005432128906,54.0,29.0,0.0,10.0,43.420040130615234,54.04618453979492,5.722543239593506,20.794469833374023,2700.0,3358.0,149.0,914.0,402206.0,622228.0,1765.0,50418.0,20.0,701.3095703125,172.3248291015625,522.7582397460938,0.8996895551681519,0.0,1.0,0.0,116.37673950195312,119.81852722167967,41.81697082519531,-0.399658203125,-0.44732666015625,0.6705322265625,402.1238708496094,2068,1000002068
13,2072,0.0,0.0,0.0,0.0,270.69146728515625,13.213820457458496,16.2353572845459,22.632272720336918,8.0,8.0,12.0,0.0,0.0,0.0,0.0,0.0,0.0,0.0,0.0,0.0,11.415958404541016,907.4794921875,169.86361694335938,20.7813720703125,0.0,255.0,33.0,11.0,11.0,255.0,55.0,11.0,24.0,132.22727966308594,30.545454025268555,3.954545497894287,14.0,125.43600463867188,30.99200439453125,3.004000186920166,12.010000228881836,30.0,3.0,0.0,4.0,59.99540328979492,11.726920127868652,3.4703586101531982,5.239708423614502,2909.0,672.0,87.0,308.0,463837.0,23552.0,609.0,4916.0,22.0,721.9635620117188,173.86361694335938,521.5928344726562,7.084524631500244,0.0,1.0,0.0,114.22017669677734,155.27578735351562,85.29402160644531,-2.906005859375,-6.434860229492188,0.58154296875,402.1238708496094,2072,1000002072
14,2078,0.0,0.0,0.0,0.0,270.69146728515625,20.106489181518555,23.27636337280273,26.19819450378418,8.0,8.0,12.0,0.0,0.0,0.0,0.0,0.0,0.0,0.0,0.0,0.0,17.428672790527344,938.29931640625,174.57046508789062,20.8721923828125,0.0,96.0,255.0,11.0,81.0,125.0,255.0,11.0,90.0,34.681819915771484,162.22727966308594,2.409090995788574,33.04545593261719,20.488000869750977,182.93600463867188,0.9960000514984132,25.99599838256836,2.0,21.0,0.0,0.0,34.31986618041992,86.38336181640625,3.339285373687744,27.33043098449707,763.0,3569.0,53.0,727.0,52375.0,743155.0,373.0,40457.0,22.0,759.3114624023438,178.57046508789062,521.5020141601562,0.5242835283279419,0.0,1.0,0.0,68.2881851196289,146.05123901367188,114.7370147705078,0.1939697265625,-0.4348907470703125,-0.2193603515625,402.1238708496094,2078,1000002078
15,2096,0.0,0.0,0.0,0.0,270.69146728515625,17.73319435119629,20.550132751464844,25.736196517944336,8.0,8.0,12.0,0.0,0.0,0.0,0.0,0.0,0.0,0.0,0.0,0.0,10.953973770141602,937.9627075195312,193.8111572265625,20.1871337890625,0.0,242.0,17.0,0.0,4.0,255.0,51.0,7.0,13.0,176.2857208251953,25.190475463867188,1.8571428060531616,4.047618865966797,184.91998291015625,24.98600006103516,0.9980000257492064,2.998000144958496,85.0,11.0,0.0,0.0,51.73756408691406,9.137150764465332,2.1665358543396,3.835624933242798,3702.0,529.0,39.0,85.0,708822.0,15079.0,171.0,653.0,21.0,753.6348266601562,197.8111572265625,522.1870727539062,0.4342735707759857,0.0,1.0,0.0,82.86544799804688,20.79298973083496,109.4256591796875,0.053955078125,0.4059906005859375,-0.1444091796875,402.1238708496094,2096,1000002096
16,2100,0.0,0.0,0.0,0.0,270.69146728515625,17.21732521057129,19.06229782104492,22.85417938232422,8.0,8.0,12.0,0.0,0.0,0.0,0.0,0.0,0.0,0.0,0.0,0.0,12.550397872924805,897.7359619140625,194.7451171875,20.1881103515625,0.0,254.0,255.0,53.0,155.0,255.0,255.0,53.0,155.0,209.1904754638672,221.8095245361328,10.666666984558104,82.42857360839844,222.09600830078125,254.95999145507807,6.008000373840332,85.0,103.0,114.0,0.0,21.0,46.54605484008789,51.07754898071289,11.490507125854492,37.3140754699707,4393.0,4658.0,224.0,1731.0,964471.0,1087976.0,5162.0,171923.0,21.0,702.6748657226562,198.7451171875,522.1860961914062,0.6870101094245911,0.0,1.0,0.0,138.88792419433594,76.26082611083984,52.18134307861328,-0.517578125,0.1631927490234375,0.4212646484375,402.1238708496094,2100,1000002100
17,2105,0.0,0.0,0.0,0.0,270.69146728515625,20.52412223815918,21.666259765625,24.90174674987793,8.0,8.0,12.0,0.0,0.0,0.0,0.0,0.0,0.0,0.0,0.0,0.0,18.2302360534668,921.535400390625,197.7066650390625,19.88189697265625,0.0,51.0,207.0,4.0,52.0,72.0,228.0,11.0,52.0,44.45000076293945,166.0500030517578,5.0,27.049999237060547,46.98400115966797,167.95199584960938,4.008000373840332,21.496002197265625,23.0,70.0,0.0,7.0,15.024895668029783,48.27988815307617,3.25576400756836,14.22137451171875,889.0,3321.0,100.0,541.0,44031.0,598071.0,712.0,18679.0,20.0,731.8085327148438,201.7066650390625,522.4923095703125,2.146700620651245,0.0,1.0,0.0,122.33445739746094,38.65797805786133,108.83319091796876,-1.1480712890625,1.676361083984375,-0.69287109375,402.1238708496094,2105,1000002105
18,2110,0.0,0.0,0.0,0.0,270.69146728515625,18.522052764892575,23.027307510375977,27.09757804870605,8.0,8.0,12.0,0.0,0.0,0.0,0.0,0.0,0.0,0.0,0.0,0.0,10.953973770141602,940.61181640625,204.7524261474609,20.3863525390625,0.0,211.0,177.0,2.0,11.0,211.0,177.0,18.0,33.0,85.19999694824219,102.9000015258789,4.900000095367432,16.850000381469727,78.97599792480469,96.60000610351562,3.5,15.00999927520752,13.0,50.0,1.0,4.0,47.27113342285156,39.65085220336914,4.49332857131958,8.101079940795898,1704.0,2058.0,98.0,337.0,189872.0,243212.0,884.0,6991.0,20.0,754.1231689453125,208.7524261474609,521.9878540039062,2.132308959960937,0.0,1.0,0.0,37.15053176879883,52.869728088378906,89.0174560546875,1.6995849609375,1.28717041015625,0.0366617850959301,402.1238708496094,2110,1000002110
19,2111,0.0,0.0,0.0,0.0,270.69146728515625,16.539182662963867,17.51140785217285,20.90420913696289,8.0,8.0,12.0,0.0,0.0,0.0,0.0,0.0,0.0,0.0,0.0,0.0,15.387568473815918,886.793212890625,205.3684844970703,21.80523681640625,0.0,188.0,255.0,14.0,72.0,222.0,255.0,19.0,126.0,128.86363220214844,214.5909118652344,5.272727489471436,56.1363639831543,120.97799682617188,254.93600463867188,3.992000102996826,53.040000915527344,23.0,53.0,0.0,24.0,48.17892456054688,68.77080535888672,5.188990116119385,23.07358932495117,2835.0,4721.0,116.0,1235.0,416395.0,1117131.0,1204.0,81041.0,22.0,686.7131958007812,209.3684844970703,520.5689697265625,1.9416816234588623,0.0,1.0,0.0,165.489013671875,78.55633544921875,81.19485473632812,-1.87969970703125,0.38531494140625,0.29730224609375,402.1238708496094,2111,1000002111
20,2116,0.0,0.0,0.0,0.0,270.69146728515625,13.298468589782717,17.25185203552246,22.52071762084961,8.0,8.0,12.0,0.0,0.0,0.0,0.0,0.0,0.0,0.0,0.0,0.0,11.957437515258787,899.4343872070312,207.23272705078125,21.2294921875,0.0,178.0,109.0,0.0,105.0,194.0,176.0,22.0,177.0,143.3333282470703,119.42857360839844,5.904761791229248,69.0,146.99598693847656,119.04399871826172,3.992000579833984,59.91200256347656,64.0,65.0,0.0,11.0,31.78998565673828,23.34130096435547,5.813815593719482,42.7640266418457,3010.0,2508.0,124.0,1449.0,452656.0,310968.0,1442.0,138385.0,21.0,701.9765625,211.23272705078125,521.1447143554688,0.6725969314575195,0.0,1.0,0.0,27.788890838623047,111.11384582519533,72.78392028808594,0.59503173828125,-0.24224853515625,0.1990966796875,402.1238708496094,2116,1000002116
21,2118,0.0,0.0,0.0,0.0,270.69146728515625,15.753560066223145,18.96195411682129,22.72664451599121,8.0,8.0,12.0,0.0,0.0,0.0,0.0,0.0,0.0,0.0,0.0,0.0,13.70341968536377,861.7984619140625,209.12417602539065,19.98822021484375,0.0,172.0,43.0,0.0,29.0,255.0,63.0,9.0,29.0,95.57142639160156,28.428571701049805,1.8095238208770752,11.095237731933594,94.06400299072266,24.016000747680664,0.0040000001899898,13.986000061035156,15.0,14.0,0.0,0.0,59.19505310058594,13.51391315460205,2.872182607650757,8.400140762329102,2007.0,597.0,38.0,233.0,265397.0,20807.0,242.0,4067.0,21.0,651.4503173828125,213.12417602539065,522.385986328125,2.1079916954040527,0.0,1.0,0.0,80.38175964355469,29.661399841308597,62.2407455444336,0.352294921875,1.831787109375,0.98187255859375,402.1238708496094,2118,1000002118
22,2123,0.0,0.0,0.0,0.0,270.69146728515625,18.390064239501957,20.96783447265625,24.92719268798828,8.0,8.0,12.0,0.0,0.0,0.0,0.0,0.0,0.0,0.0,0.0,0.0,11.957437515258787,909.2500610351562,211.62643432617188,21.093017578125,0.0,224.0,100.0,0.0,12.0,253.0,103.0,8.0,37.0,119.09091186523438,69.04545593261719,2.590909004211426,20.31818199157715,107.9800033569336,65.49600219726562,1.503999948501587,20.51399803161621,14.0,32.0,0.0,4.0,65.58610534667969,25.86235809326172,2.757783889770508,9.706541061401367,2620.0,1519.0,57.0,447.0,406652.0,119595.0,315.0,11155.0,22.0,713.0966796875,215.62643432617188,521.2811889648438,0.6387405395507812,0.0,1.0,0.0,101.7522430419922,160.87535095214844,104.88085174560548,-0.13006591796875,-0.6034698486328125,-0.16400146484375,402.1238708496094,2123,1000002123
23,2130,0.0,0.0,0.0,0.0,270.69146728515625,15.858741760253906,17.587387084960938,20.61423110961914,8.0,8.0,12.0,0.0,0.0,0.0,0.0,0.0,0.0,0.0,0.0,0.0,13.608068466186523,883.4666137695312,217.01611328125,17.10296630859375,0.0,204.0,193.0,4.0,33.0,237.0,255.0,9.0,63.0,169.7857208251953,194.64285278320312,2.642857074737549,32.0,164.0,219.9949951171875,3.996000289916992,32.994998931884766,117.0,92.0,0.0,4.0,34.2160758972168,61.74094009399414,2.6078765392303467,14.66774845123291,2377.0,2725.0,37.0,448.0,419971.0,583769.0,193.0,17348.0,14.0,675.0964965820312,221.01611328125,525.271240234375,3.6564109325408936,0.0,1.0,0.0,66.48184967041016,25.799814224243164,80.0020523071289,1.45916748046875,3.291961669921875,0.63494873046875,402.1238708496094,2130,1000002130
24,2132,0.0,0.0,0.0,0.0,270.69146728515625,23.254806518554688,28.042377471923828,33.754451751708984,8.0,8.0,12.0,0.0,0.0,0.0,0.0,0.0,0.0,0.0,0.0,0.0,15.4229736328125,780.2986450195312,217.29837036132807,21.2059326171875,0.0,125.0,0.0,0.0,4.0,125.0,33.0,9.0,24.0,55.08333206176758,10.083333015441896,0.875,5.958333492279053,54.05999755859375,9.008999824523926,0.0022499999031424,3.992000102996826,0.0,0.0,0.0,0.0,29.71099281311035,9.442442893981934,2.1469454765319824,6.106548309326172,1322.0,242.0,21.0,143.0,94006.0,4580.0,129.0,1747.0,24.0,536.9139404296875,221.29837036132807,521.1682739257812,1.3945465087890625,0.0,1.0,0.0,151.52847290039062,70.1429443359375,109.54872131347656,-1.225830078125,0.4737396240234375,-0.466552734375,402.1238708496094,2132,1000002132
25,2133,0.0,0.0,0.0,0.0,270.69146728515625,19.07347869873047,21.370235443115234,23.731672286987305,8.0,8.0,12.0,0.0,0.0,0.0,0.0,0.0,0.0,0.0,0.0,0.0,10.238289833068848,848.3817749023438,217.958984375,17.25518798828125,0.0,255.0,24.0,4.0,14.0,255.0,116.0,4.0,14.0,176.0,39.93333435058594,0.800000011920929,7.199999809265137,206.01998901367188,29.03399658203125,0.0010000000474974,3.996000289916992,62.0,4.0,0.0,0.0,71.36759185791016,28.299509048461918,1.600000023841858,5.443038463592529,2640.0,599.0,12.0,108.0,541040.0,35933.0,48.0,1222.0,15.0,628.2801513671875,221.958984375,525.1190185546875,3.566735029220581,0.0,1.0,0.0,114.89556884765624,51.97900772094727,48.25061798095703,-1.50128173828125,2.197006225585937,2.37506103515625,402.1238708496094,2133,1000002133
26,2134,0.0,0.0,0.0,0.0,270.69146728515625,13.686718940734863,17.908809661865234,22.01677703857422,8.0,8.0,12.0,0.0,0.0,0.0,0.0,0.0,0.0,0.0,0.0,0.0,12.989895820617676,871.0984497070312,218.10040283203125,22.27557373046875,0.0,133.0,72.0,0.0,19.0,133.0,135.0,4.0,29.0,62.904762268066406,77.9047622680664,1.523809552192688,15.2380952835083,61.96800231933594,81.99600219726562,0.0010000000474974,14.010000228881836,7.0,24.0,0.0,0.0,24.769229888916016,26.314769744873047,1.94248366355896,8.766303062438965,1321.0,1636.0,32.0,320.0,95981.0,141994.0,128.0,6490.0,21.0,662.556640625,222.10040283203125,520.0986328125,1.7542868852615356,0.0,1.0,0.0,134.98472595214844,57.292724609375,62.84446716308594,-1.24005126953125,0.947967529296875,0.80072021484375,402.1238708496094,2134,1000002134
27,2139,0.0,0.0,0.0,0.0,270.69146728515625,14.1814603805542,16.640323638916016,20.311595916748047,8.0,8.0,12.0,0.0,0.0,0.0,0.0,0.0,0.0,0.0,0.0,0.0,12.989895820617676,864.0892333984375,222.77230834960935,20.79949951171875,0.0,94.0,101.0,4.0,14.0,125.0,116.0,14.0,48.0,47.85714340209961,61.9523811340332,3.190476179122925,16.0,39.08000183105469,63.04800415039063,3.996000289916992,14.020000457763672,0.0,19.0,0.0,0.0,34.649654388427734,26.939926147460938,3.37524676322937,11.567606925964355,1005.0,1301.0,67.0,336.0,73309.0,95841.0,453.0,8186.0,21.0,650.5261840820312,226.77230834960935,521.57470703125,1.9148619174957275,0.0,1.0,0.0,107.95360565185548,19.38856315612793,97.08858489990234,-0.59014892578125,1.8062744140625,-0.2362060546875,402.1238708496094,2139,1000002139
28,2141,0.0,0.0,0.0,0.0,270.69146728515625,17.53898048400879,18.757970809936523,21.58233642578125,8.0,8.0,12.0,0.0,0.0,0.0,0.0,0.0,0.0,0.0,0.0,0.0,14.877381324768066,895.6729125976562,225.0890350341797,20.6298828125,0.0,190.0,255.0,14.0,29.0,235.0,255.0,14.0,96.0,158.68182373046875,223.9090881347656,4.136363506317139,42.31818008422852,160.5,254.93600463867188,3.996000289916992,42.98999786376953,70.0,43.0,0.0,9.0,45.78644561767578,60.35644912719727,4.003355979919434,20.90103530883789,3491.0,4926.0,91.0,931.0,600079.0,1183120.0,729.0,49009.0,22.0,691.0361938476562,229.0890350341797,521.7443237304688,0.5135226845741272,0.0,1.0,0.0,51.97475814819336,44.37458801269531,109.3335189819336,0.31634521484375,0.3670654296875,-0.16998291015625,402.1238708496094,2141,1000002141
29,2146,0.0,0.0,0.0,0.0,270.69146728515625,22.476465225219727,25.0100212097168,30.01976585388184,8.0,8.0,12.0,0.0,0.0,0.0,0.0,0.0,0.0,0.0,0.0,0.0,15.4229736328125,781.3189086914062,231.97982788085935,21.2725830078125,0.0,133.0,38.0,0.0,19.0,141.0,72.0,14.0,33.0,49.1363639831543,30.772727966308597,5.409090995788574,17.863636016845703,38.98500061035156,26.520000457763672,4.005000114440918,19.020000457763672,15.0,4.0,0.0,0.0,35.91441345214844,18.67894172668457,4.40721607208252,8.335550308227539,1081.0,677.0,119.0,393.0,81493.0,28509.0,1071.0,8549.0,22.0,532.189697265625,235.97982788085935,521.1016235351562,0.974799394607544,0.0,1.0,0.0,168.0723419189453,79.85425567626953,83.79117584228516,-0.9537353515625,0.1717529296875,0.10546875,402.1238708496094,2146,1000002146
30,2149,0.0,0.0,0.0,0.0,270.69146728515625,19.417240142822266,23.32124137878418,29.453556060791016,8.0,8.0,12.0,0.0,0.0,0.0,0.0,0.0,0.0,0.0,0.0,0.0,9.462631225585938,766.5590209960938,237.6258850097656,20.5228271484375,0.0,243.0,9.0,0.0,4.0,255.0,38.0,4.0,19.0,149.8095245361328,10.857142448425291,0.9523809552192688,3.5238094329833984,164.0,9.017999649047852,0.0010000000474974,4.007499694824219,54.0,0.0,0.0,0.0,61.04925155639648,10.114985466003418,1.703670859336853,4.904993057250977,3146.0,228.0,20.0,74.0,549568.0,4624.0,80.0,766.0,21.0,506.853759765625,241.6258850097656,521.8513793945312,9.076592445373535,0.0,1.0,0.0,71.33978271484375,97.98030090332033,159.59141540527344,2.9044189453125,-1.259674072265625,-8.506591796875,402.1238708496094,2149,1000002149
31,2150,0.0,0.0,0.0,0.0,270.69146728515625,15.860584259033203,19.264368057250977,22.86940574645996,8.0,8.0,12.0,0.0,0.0,0.0,0.0,0.0,0.0,0.0,0.0,0.0,15.526323318481444,864.258544921875,237.9589385986328,21.85333251953125,0.0,164.0,82.0,4.0,33.0,227.0,130.0,9.0,38.0,82.42857360839844,74.38095092773438,3.238095283508301,21.238094329833984,70.0780029296875,67.04000091552734,3.996000289916992,24.013999938964844,31.0,24.0,0.0,0.0,43.50650787353516,28.815465927124023,3.3224310874938965,9.807211875915527,1731.0,1562.0,68.0,446.0,182433.0,133620.0,452.0,11492.0,21.0,646.1089477539062,241.9589385986328,520.5208740234375,0.5237898826599121,0.0,1.0,0.0,73.79688262939453,102.46585845947266,20.65842056274414,0.14617919921875,-0.113037109375,0.4901123046875,402.1238708496094,2150,1000002150
32,2151,0.0,0.0,0.0,0.0,270.69146728515625,15.860359191894531,18.771574020385746,23.46047592163086,8.0,8.0,12.0,0.0,0.0,0.0,0.0,0.0,0.0,0.0,0.0,0.0,10.438536643981934,914.9718017578124,238.07095336914065,20.09619140625,0.0,201.0,37.0,0.0,9.0,201.0,80.0,5.0,52.0,69.54545593261719,33.6363639831543,1.409090876579285,16.272727966308594,55.94400024414063,30.520000457763672,0.5,11.48800277709961,16.0,11.0,0.0,1.0,50.974796295166016,18.02156639099121,1.6141164302825928,14.517017364501951,1530.0,740.0,31.0,358.0,163570.0,32036.0,101.0,10462.0,22.0,711.1966552734375,242.07095336914065,522.2780151367188,2.497751474380493,0.0,1.0,0.0,101.97666931152344,15.219261169433594,80.74684143066406,-0.5181884765625,2.41015625,0.4017333984375,402.1238708496094,2151,1000002151
33,2156,0.0,0.0,0.0,0.0,270.69146728515625,19.885881423950195,21.34907913208008,25.14742851257324,8.0,8.0,12.0,0.0,0.0,0.0,0.0,0.0,0.0,0.0,0.0,0.0,15.526323318481444,876.6598510742188,241.32672119140625,21.72479248046875,0.0,94.0,254.0,4.0,24.0,102.0,255.0,14.0,63.0,56.54545593261719,205.5454559326172,4.5,30.636363983154297,57.96999740600586,221.01998901367188,3.996000289916992,26.51999855041504,7.0,67.0,0.0,0.0,26.800148010253903,52.87956237792969,3.7869393825531006,18.66826629638672,1244.0,4522.0,99.0,674.0,86144.0,990994.0,761.0,28316.0,22.0,661.2650756835938,245.32672119140625,520.6494140625,0.0837642103433609,0.0,1.0,0.0,45.026611328125,126.78570556640624,112.13362121582033,0.0592041015625,-0.0501556396484375,-0.03155517578125,402.1238708496094,2156,1000002156
34,2157,0.0,0.0,0.0,0.0,270.69146728515625,19.30421257019043,25.632190704345703,32.13669204711914,8.0,8.0,12.0,0.0,0.0,0.0,0.0,0.0,0.0,0.0,0.0,0.0,15.377509117126465,940.1345825195312,240.96307373046875,21.767333984375,0.0,227.0,16.0,2.0,2.0,236.0,32.0,5.0,5.0,149.61904907226562,17.761905670166016,1.6190476417541504,2.190476179122925,157.93099975585938,13.992000579833984,2.002000331878662,1.998000144958496,65.0,6.0,0.0,0.0,47.793678283691406,8.684440612792969,1.49526846408844,1.4013274908065796,3142.0,373.0,34.0,46.0,518072.0,8209.0,102.0,142.0,21.0,743.5150146484375,244.96307373046875,520.6068725585938,0.7947596907615662,0.0,1.0,0.0,93.23416900634766,6.115281581878662,95.18885803222656,-0.0447998046875,0.7902374267578125,-0.07183837890625,402.1238708496094,2157,1000002157
35,2158,0.0,0.0,0.0,0.0,270.69146728515625,12.4342041015625,16.60918617248535,21.19008445739746,8.0,8.0,12.0,0.0,0.0,0.0,0.0,0.0,0.0,0.0,0.0,0.0,8.455926895141602,848.5789794921875,241.68142700195312,20.1640625,0.0,125.0,126.0,0.0,24.0,172.0,254.0,14.0,53.0,82.68181610107422,101.18181610107422,1.1818181276321411,14.409090995788574,89.98249816894531,77.01499938964844,0.0035000001080334,9.020000457763672,7.0,24.0,0.0,0.0,41.94193649291992,61.53981399536133,3.113553524017334,13.367733001708984,1819.0,2226.0,26.0,317.0,189099.0,308548.0,244.0,8499.0,22.0,622.1121215820312,245.68142700195312,522.2101440429688,5.288974285125732,0.0,1.0,0.0,85.70865631103516,81.86332702636719,9.21619987487793,0.39599609375,0.7487945556640625,5.220703125,402.1238708496094,2158,1000002158
36,2159,0.0,0.0,0.0,0.0,270.69146728515625,13.225875854492188,16.804014205932617,20.856395721435547,8.0,8.0,12.0,0.0,0.0,0.0,0.0,0.0,0.0,0.0,0.0,0.0,8.455926895141602,855.24169921875,241.70248413085935,19.40625,0.0,149.0,150.0,0.0,19.0,149.0,249.0,4.0,53.0,95.75,173.85000610351562,2.200000047683716,30.399999618530277,93.98500061035156,176.51998901367188,3.999000072479248,29.020000457763672,39.0,87.0,0.0,9.0,31.032039642333984,49.85506439208984,1.989974856376648,10.613199234008787,1915.0,3477.0,44.0,608.0,202621.0,654187.0,176.0,20736.0,20.0,630.5339965820312,245.70248413085935,522.9679565429688,0.8185883164405823,0.0,1.0,0.0,70.77348327636719,95.83464050292967,159.8439178466797,0.26959228515625,-0.0831756591796875,-0.7684326171875,402.1238708496094,2159,1000002159
37,2160,0.0,0.0,0.0,0.0,270.69146728515625,19.287946701049805,22.02497673034668,25.484275817871094,8.0,8.0,12.0,0.0,0.0,0.0,0.0,0.0,0.0,0.0,0.0,0.0,10.438536643981934,921.9545288085938,245.1607818603516,21.47039794921875,0.0,70.0,21.0,10.0,12.0,151.0,72.0,10.0,16.0,58.42856979370117,36.47618865966797,3.190476179122925,9.190476417541504,54.05999755859375,35.96800231933594,3.003000020980835,9.005000114440918,13.0,8.0,0.0,1.0,31.830759048461918,16.99472999572754,2.9051520824432373,4.147507190704346,1227.0,766.0,67.0,193.0,92969.0,34006.0,391.0,2135.0,21.0,718.7338256835938,249.1607818603516,520.90380859375,1.435760736465454,0.0,1.0,0.0,98.4930648803711,69.97163391113281,21.90038108825684,-0.21197509765625,0.4917755126953125,1.3321533203125,402.1238708496094,2160,1000002160
38,2161,0.0,0.0,0.0,0.0,270.69146728515625,16.245250701904297,20.091205596923828,25.99150848388672,8.0,8.0,12.0,0.0,0.0,0.0,0.0,0.0,0.0,0.0,0.0,0.0,9.462631225585938,770.735595703125,246.9900360107422,19.24237060546875,0.0,255.0,0.0,0.0,4.0,255.0,24.0,4.0,14.0,183.94737243652344,2.526315689086914,0.4210526347160339,3.631578922271729,189.9739990234375,0.0080000003799796,0.0010000000474974,3.996000289916992,39.0,0.0,0.0,0.0,71.84740447998047,5.383878707885742,1.2275688648223877,3.9763846397399902,3495.0,48.0,8.0,69.0,740975.0,672.0,32.0,551.0,19.0,507.31689453125,250.9900360107422,523.1318359375,4.525855541229248,0.0,1.0,0.0,109.0347671508789,44.34308624267578,128.18905639648438,-1.475830078125,3.23681640625,-2.79791259765625,402.1238708496094,2161,1000002161
39,2162,0.0,0.0,0.0,0.0,270.69146728515625,20.480615615844727,23.340087890625,26.70466423034668,8.0,8.0,12.0,0.0,0.0,0.0,0.0,0.0,0.0,0.0,0.0,0.0,17.301288604736328,814.0791625976562,246.9580535888672,21.33746337890625,0.0,190.0,4.0,0.0,4.0,255.0,48.0,14.0,24.0,118.5,21.090909957885746,1.909090876579285,7.454545497894287,113.52000427246094,19.020000457763672,0.0040000001899898,9.0,7.0,4.0,0.0,0.0,68.1827392578125,12.805925369262695,3.2179763317108154,6.51381254196167,2607.0,464.0,42.0,164.0,411205.0,13394.0,308.0,2156.0,22.0,572.9447631835938,250.9580535888672,521.0367431640625,6.556272506713867,0.0,1.0,0.0,100.0430679321289,13.011295318603516,81.8125991821289,-1.14300537109375,6.387954711914063,0.9339599609375,402.1238708496094,2162,1000002162
40,2166,0.0,0.0,0.0,0.0,270.69146728515625,13.262428283691406,15.096151351928713,20.04100608825684,8.0,8.0,12.0,0.0,0.0,0.0,0.0,0.0,0.0,0.0,0.0,0.0,10.803544044494627,849.3676147460938,252.20004272460935,21.40594482421875,0.0,180.0,96.0,4.0,4.0,227.0,255.0,9.0,53.0,126.52381134033205,113.95237731933594,1.8095238208770752,14.476190567016602,117.06402587890624,125.91400146484376,0.0024999380111694,13.985002517700195,54.0,4.0,0.0,0.0,46.2628288269043,71.43193817138672,2.872182607650757,11.206371307373049,2657.0,2393.0,38.0,304.0,381119.0,379841.0,242.0,7038.0,21.0,619.9830322265625,256.2000427246094,520.96826171875,0.3425522148609161,0.0,1.0,0.0,144.36172485351562,57.20496368408203,77.59366607666016,-0.27838134765625,0.185546875,0.0736083984375,402.1238708496094,2166,1000002166
41,2168,0.0,0.0,0.0,0.0,270.69146728515625,14.24687957763672,16.847387313842773,21.67327308654785,8.0,8.0,12.0,0.0,0.0,0.0,0.0,0.0,0.0,0.0,0.0,0.0,8.451760292053223,902.3207397460938,255.12701416015625,19.42431640625,0.0,245.0,29.0,4.0,9.0,245.0,72.0,9.0,48.0,77.8499984741211,41.150001525878906,3.150000095367432,17.399999618530273,61.97600555419922,35.496002197265625,3.996000289916992,14.040000915527344,7.0,14.0,0.0,0.0,62.857200622558594,16.568870544433594,3.0704233646392822,13.518136024475098,1557.0,823.0,63.0,348.0,200233.0,39357.0,387.0,9710.0,20.0,688.1564331054688,259.12701416015625,522.9498901367188,4.315733909606934,0.0,1.0,0.0,105.59129333496094,122.05516052246094,143.50299072265625,-1.15972900390625,-2.290283203125,-3.46917724609375,402.1238708496094,2168,1000002168
42,2176,0.0,0.0,0.0,0.0,270.69146728515625,13.442597389221191,17.748004913330078,23.916757583618164,8.0,8.0,12.0,0.0,0.0,0.0,0.0,0.0,0.0,0.0,0.0,0.0,11.274998664855955,842.25439453125,260.76031494140625,21.4361572265625,0.0,141.0,101.0,4.0,33.0,180.0,179.0,14.0,48.0,95.0,98.90908813476562,3.3181817531585693,23.727272033691406,93.52800750732422,93.98599243164062,3.996000289916992,24.020000457763672,15.0,58.0,0.0,4.0,45.237754821777344,31.506000518798828,3.842186450958252,11.529336929321287,2090.0,2176.0,73.0,522.0,243572.0,237064.0,567.0,15310.0,22.0,606.5625,264.76031494140625,520.9380493164062,2.0078020095825195,0.0,1.0,0.0,125.93983459472656,42.22037887573242,70.89859771728516,-1.1783447265625,1.4869384765625,0.6571044921875,402.1238708496094,2176,1000002176
43,2177,0.0,0.0,0.0,0.0,270.69146728515625,25.095460891723636,28.093420028686523,31.72823143005371,8.0,8.0,12.0,0.0,0.0,0.0,0.0,0.0,0.0,0.0,0.0,0.0,23.00174140930176,747.1943359375,261.0924072265625,20.66259765625,0.0,117.0,145.0,4.0,24.0,157.0,181.0,9.0,43.0,91.2272720336914,101.09091186523438,2.8636362552642822,19.363636016845703,90.0199966430664,98.46299743652344,3.996000289916992,19.002498626708984,31.0,14.0,0.0,0.0,33.80415725708008,41.48374176025391,3.064391613006592,10.726117134094238,2007.0,2224.0,63.0,426.0,208233.0,262686.0,387.0,10780.0,22.0,464.5884094238281,265.0924072265625,521.7116088867188,2.2869369983673096,0.0,1.0,0.0,67.313720703125,27.174692153930664,104.1565933227539,0.882110595703125,2.034515380859375,-0.5592041015625,402.1238708496094,2177,1000002177
44,2180,0.0,0.0,0.0,0.0,270.69146728515625,17.6453800201416,20.99458694458008,24.59817314147949,8.0,8.0,12.0,0.0,0.0,0.0,0.0,0.0,0.0,0.0,0.0,0.0,8.408515930175781,864.5518188476562,266.212158203125,20.24371337890625,0.0,243.0,224.0,4.0,48.0,243.0,255.0,9.0,87.0,120.66666412353516,187.5714263916016,3.6190476417541504,42.80952453613281,132.93701171875,195.02301025390625,3.996000289916992,38.0,47.0,101.0,0.0,19.0,45.91849136352539,40.41519165039063,3.1543800830841064,16.01968765258789,2534.0,3939.0,76.0,899.0,350048.0,773145.0,484.0,43875.0,21.0,633.8887939453125,270.212158203125,522.1304931640625,3.0780928134918213,0.0,1.0,0.0,121.21969604492188,135.99441528320312,117.56668090820312,-1.59527587890625,-2.213836669921875,-1.42431640625,402.1238708496094,2180,1000002180
45,2183,0.0,0.0,0.0,0.0,270.69146728515625,18.941192626953125,19.96350479125977,23.54286193847656,8.0,8.0,12.0,0.0,0.0,0.0,0.0,0.0,0.0,0.0,0.0,0.0,17.405166625976562,916.456787109375,268.8888854980469,21.10809326171875,0.0,150.0,9.0,4.0,4.0,150.0,98.0,13.0,27.0,40.70000076293945,40.5,2.799999952316284,8.600000381469727,27.968000411987305,32.040000915527344,0.9960000514984132,4.997500419616699,2.0,9.0,0.0,1.0,38.87685775756836,22.43546295166016,3.529872417449951,7.303423881530762,814.0,810.0,56.0,172.0,63358.0,42872.0,406.0,2546.0,20.0,702.642333984375,272.8888854980469,521.26611328125,1.3839731216430664,0.0,1.0,0.0,85.29733276367188,92.38115692138672,174.73056030273438,0.113525390625,-0.05743408203125,-1.37811279296875,402.1238708496094,2183,1000002183
46,2185,0.0,0.0,0.0,0.0,270.69146728515625,18.45366668701172,20.653738021850582,23.747039794921875,8.0,8.0,12.0,0.0,0.0,0.0,0.0,0.0,0.0,0.0,0.0,0.0,11.274998664855955,847.4090576171875,271.539306640625,22.3709716796875,0.0,109.0,67.0,0.0,24.0,125.0,92.0,4.0,38.0,66.94999694824219,51.150001525878906,0.800000011920929,16.200000762939453,62.00800323486328,53.015995025634766,0.0010000000474974,16.51999855041504,15.0,14.0,0.0,4.0,29.501651763916016,22.965789794921875,1.600000023841858,8.744140625,1339.0,1023.0,16.0,324.0,107053.0,62875.0,64.0,6778.0,20.0,609.7350463867188,275.539306640625,520.0032348632812,3.356682062149048,0.0,1.0,0.0,160.28001403808594,81.14714050292969,72.52352142333984,-3.15972900390625,0.5167236328125,1.0081787109375,402.1238708496094,2185,1000002185
47,2186,0.0,0.0,0.0,0.0,270.69146728515625,19.28168296813965,22.58488273620605,26.238924026489254,8.0,8.0,12.0,0.0,0.0,0.0,0.0,0.0,0.0,0.0,0.0,0.0,8.408515930175781,871.2049560546875,273.0722351074219,16.36865234375,0.0,157.0,145.0,0.0,24.0,204.0,179.0,9.0,38.0,139.22222900390625,150.22222900390625,4.777777671813965,23.77777862548828,141.0,149.9929962158203,4.002500057220459,24.01000022888184,70.0,106.0,0.0,14.0,34.08087539672852,21.02790641784668,3.359159231185913,7.465145111083984,1253.0,1352.0,43.0,214.0,184899.0,207080.0,307.0,5590.0,9.0,636.8258666992188,277.0722351074219,526.0055541992188,1.973724126815796,0.0,1.0,0.0,144.41143798828125,65.98128509521484,114.5849151611328,-1.60498046875,0.803436279296875,-0.821044921875,402.1238708496094,2186,1000002186
48,2188,0.0,0.0,0.0,0.0,270.69146728515625,23.77037239074707,24.67307472229004,27.03410530090332,8.0,8.0,12.0,0.0,0.0,0.0,0.0,0.0,0.0,0.0,0.0,0.0,23.08216094970703,832.2817993164062,273.94293212890625,21.6826171875,0.0,204.0,126.0,0.0,14.0,204.0,189.0,9.0,33.0,59.71428680419922,98.14286041259766,2.047619104385376,11.714285850524902,46.858001708984375,106.16000366210938,0.0022499999031424,9.020000457763672,7.0,4.0,0.0,0.0,47.088714599609375,51.15362930297852,3.2289788722991943,9.547589302062988,1254.0,2061.0,43.0,246.0,121446.0,257223.0,307.0,4796.0,21.0,586.7886962890625,277.94293212890625,520.6915893554688,3.915388345718384,0.0,1.0,0.0,140.76815795898438,51.28507995605469,95.40637969970705,-3.03265380859375,2.448944091796875,-0.36871337890625,402.1238708496094,2188,1000002188
49,2189,0.0,0.0,0.0,0.0,270.69146728515625,25.67676544189453,27.775012969970703,31.43807601928711,8.0,8.0,12.0,0.0,0.0,0.0,0.0,0.0,0.0,0.0,0.0,0.0,22.08382797241211,888.6175537109375,273.5148010253906,22.68243408203125,0.0,222.0,19.0,0.0,4.0,235.0,43.0,4.0,4.0,74.25,18.200000762939453,0.4000000059604645,1.7999999523162842,50.53000259399414,16.50400161743164,0.0010000000474974,0.0010000000474974,0.0,0.0,0.0,0.0,66.50103759765625,9.605206489562988,1.2000000476837158,1.989974856376648,1485.0,364.0,8.0,36.0,198709.0,8470.0,32.0,144.0,20.0,665.2421875,277.5148010253906,519.6917724609375,0.4924961626529693,0.0,1.0,0.0,53.87749481201172,84.2876205444336,36.71976852416992,0.29034423828125,0.049041748046875,0.394775390625,402.1238708496094,2189,1000002189
